Barcode,Plasmid
CTGGAGGCTCTCAAATTAGA,CK530_01_TCF21
CCATCAACTTATCAAAACTC,CK530_01_TCF21
CTCATTGCGGGGCTTCGAGT,CK530_02_JUN
CGCGGTGGCGGCTTTACCAA,CK530_02_JUN
GAAAGAACGCTCAAAACGTT,CK530_03_GATA4
CGTCCAGAAAGAACCCATTA,CK530_03_GATA4
AGCAAAAAGAATGAAAAACT,CK530_04_CEBPD
TGCATTTCCTTTCCCTGTTT,CK530_04_CEBPD
CAACTATTCCATGCTTCCAA,CK530_05_EMX2
CTTGCCGTATTGAGCTTTCA,CK530_05_EMX2
CATAACATCCCTATTTGACA,CK530_06_MYC
AAATATTGTGGAACCCACTT,CK530_06_MYC
CAGTATTGAAAACCTCCTGT,CK530_07_NR2F2
AGCTCTGTGAGAAATTGTCA,CK530_07_NR2F2
GCTGCCTCTCAGATTTCTGA,CK530_08_FOSB
CGAACAAGTTATGAATTTTT,CK530_08_FOSB
CCTCCATCTAATTTCACCTG,CK530_09_KLF2
GGTGCTTTCAAACCTTGCCA,CK530_09_KLF2
GACTATTAGCCAGCTAAGAG,CK530_10_ZBTB16
TTGCGCCACCATTGTCATTT,CK530_10_ZBTB16
ATCTTCATCTTCGTCTTCTA,CK530_11_YBX1
GACTTCGTATCTAGCTGCAC,CK530_11_YBX1
TGCGTATTGCACCAGAATTA,CK530_12_LHX1
ATTGGAGGACTTTTCAGTTA,CK530_12_LHX1
TCTATGTGGAGTTGAAATAG,CK530_13_WT1
ACCAGACGAAGATACAGACG,CK530_13_WT1
CTAATTTCCGCCCCACGTGC,CK530_14_JUNB
CCAGCTTTGAAGTCTTTGAA,CK530_14_JUNB
ACTCCTGCATTTCCGCTTCC,CK530_15_KLF4
CAACTGGGAAATCAACAAGT,CK530_15_KLF4
CTGTAAATTGTGTTGTGCCG,CK530_16_KLF6
TGGCACAGTAGAAGTTGGTG,CK530_16_KLF6
GACCCAAATTTCAAAAGAAT,CK530_17_HOXC9
TGTTCACTTAATTCTCCTAG,CK530_17_HOXC9
AGTACTTGTTGCGGCTGCTG,CK530_18_ATF4
AGAGGAGCATACGACTTCGG,CK530_18_ATF4
GGAAAAATCTTTATAGAGGG,CK530_19_PPARG
CAATTCGTGACTGAACTTAA,CK530_19_PPARG
AATTCTTCAAAAAATAACAA,CK530_20_EGR1
GCCTTGAATGCCGTATTTTT,CK530_20_EGR1
TAAAATTTGTGATGATAGT,CK530_21_FOXL2
ACTTCTACACGTAATTGCCA,CK530_21_FOXL2
TCTTTTGATGATCTCAGAAT,CK530_22_NR5A1
AGCAATTTCTGTGACGCTCG,CK530_22_NR5A1
AACCATTGAAATCCGATGCT,CK530_23_TSC22D3
GGACATTCTCTATCAGATCT,CK530_23_TSC22D3
CCCTGAGCACCCGTTAAGTC,CK530_24_MAFF
ATCAACAACGTTATTGCAAA,CK530_24_MAFF
GCAGGAAGCGTTGTGTTGCA,CK530_25_ELK1
ATCCCTTCTCACCAACCACC,CK530_25_ELK1
AACAACATTGGCCTCCATAT,CK530_26_NR1H2
TCAAAATCTTGTGGTATCGG,CK530_26_NR1H2
TCCAAGACTCCAAACCATAC,CK530_27_TOX2
CAAGTGAATTTGGACTTCTT,CK530_27_TOX2
AGTATTGCACTATACTTGCT,CK530_28_LHX9
ATTCGGAAGATGGCAATGAC,CK530_28_LHX9
TCATCACCCTTTTGAGAGAA,CK530_29_ZFPM2
TTTATGGCTATACAGTAAGC,CK530_29_ZFPM2
AGATGATGCACAAAATGCCA,CK530_30_HOPX
GTTCTTCTCCTTTTGAAAAT,CK530_30_HOPX
ATCCTGATTTTGAAAATATT,CK530_31_FOS
GTCTTTGGCAAGGCGTATTC,CK530_31_FOS
ATGGAGCAATTGTACAAATC,CK530_32_NR4A1
GCTGCCACCAAATACATATA,CK530_32_NR4A1
CCCCATGATAGATAAGAATTA,CK530_33_RUNX2
AGACTGGCCTGCAGTGCTCA,CK530_33_RUNX2
ACTAACAATCCAGAACTTGC,CK530_34_TAF4B
TTCTTCAATGCTGGGTGATA,CK530_34_TAF4B
CCTGGGCCAAAAATACCAGC,CK530_35_RUNX1
CTTCTCATATGCAGAAACAA,CK530_35_RUNX1
CCAGAATAACTTAGAATCGA,CK544_GFP
TGATGTTGAACTTGATGATG,CK544_GFP
TTCATATCGATCTTTAGCGC,CK544_GFP
A,Total